;apt;cluster;rwy;trajectory;Lat;Lon
0;JAI;1;27;0;26.826225;75.83337222
1;JAI;1;27;0;26.82373394888889;75.80685863888888
2;JAI;1;27;0;26.82268539699661;75.80073312745526
3;JAI;1;27;0;26.81609245933252;75.78686993227387
4;JAI;1;27;0;26.8093571199689;75.78433693625284
5;JAI;1;27;0;26.80423644719996;75.78511784935922
6;JAI;1;27;0;26.80071926694127;75.78607219085939
7;JAI;1;27;0;26.79702034721591;75.78750312645302
8;JAI;1;27;0;26.78980751737982;75.79394426323162
9;JAI;1;27;0;26.78265765258929;75.80635988592857
10;JAI;1;27;0;26.77632015509491;75.81634045177991
11;JAI;1;27;0;26.77016118778327;75.82797431330731
12;JAI;1;27;0;26.76355790549042;75.84629471954514
13;JAI;1;27;0;26.7567726904697;75.86340450564401
14;JAI;1;27;0;26.748827432624;75.88193384507075
15;JAI;1;27;0;26.73644069319659;75.89352034043995
16;JAI;1;27;0;26.72176678325826;75.90417385120892
17;JAI;1;27;0;26.70663890443434;75.91392256511438
18;JAI;1;27;0;26.69087494659112;75.92364477057403
19;JAI;1;27;0;26.67498051824768;75.93396098654136
20;JAI;1;27;0;26.6596532837039;75.94556867249578
21;JAI;1;27;0;26.64350115609139;75.95477285431872
22;JAI;1;27;0;26.62777913754045;75.96400699624016
23;JAI;1;27;0;26.61306642747023;75.97363059553652
24;JAI;1;27;1;26.826225;75.83337222
25;JAI;1;27;1;26.82373394888889;75.80685863888888
26;JAI;1;27;1;26.82292058870363;75.80064550632858
27;JAI;1;27;1;26.81857619486864;75.78414749582079
28;JAI;1;27;1;26.81207460309486;75.77863915966992
29;JAI;1;27;1;26.80679459443388;75.77727423947016
30;JAI;1;27;1;26.80263284051886;75.77741930678647
31;JAI;1;27;1;26.79795685423181;75.77857760457296
32;JAI;1;27;1;26.78971647579814;75.78329444343738
33;JAI;1;27;1;26.78150187035252;75.79197506907256
34;JAI;1;27;1;26.77432682557507;75.801384398184
35;JAI;1;27;1;26.76729271465717;75.81200080817062
36;JAI;1;27;1;26.75849003737968;75.82505622957444
37;JAI;1;27;1;26.7494477321783;75.8383446114749
38;JAI;1;27;1;26.73946719088673;75.85394366688597
39;JAI;1;27;1;26.72793483663073;75.87022065639842
40;JAI;1;27;1;26.71652579545216;75.89057554703356
41;JAI;1;27;1;26.70411403687862;75.90749207057225
42;JAI;1;27;1;26.68961467537497;75.92053187671355
43;JAI;1;27;1;26.67401803225399;75.93167683051573
44;JAI;1;27;1;26.65807254809961;75.94196838940914
45;JAI;1;27;1;26.64207527361542;75.95164414520035
46;JAI;1;27;1;26.62639239004086;75.96105791807118
47;JAI;1;27;1;26.61133995960294;75.97010410703201
48;JAI;1;27;2;26.826225;75.83337222
49;JAI;1;27;2;26.82373394888889;75.80685863888888
50;JAI;1;27;2;26.82304363422335;75.80059966548153
51;JAI;1;27;2;26.8201491535269;75.78242336701231
52;JAI;1;27;2;26.81410288985071;75.77438642865184
53;JAI;1;27;2;26.80865983949624;75.77155515715049
54;JAI;1;27;2;26.80418905449647;75.77038234761304
55;JAI;1;27;2;26.7987958798195;75.77058114420093
56;JAI;1;27;2;26.7896394509583;75.77428426754913
57;JAI;1;27;2;26.78062266038298;75.78103245896189
58;JAI;1;27;2;26.77276976031693;75.78970165771318
59;JAI;1;27;2;26.76488482490618;75.79859212779776
60;JAI;1;27;2;26.75514895110847;75.81105436020613
61;JAI;1;27;2;26.74559897343898;75.8251773710821
62;JAI;1;27;2;26.7351099059258;75.84091396253841
63;JAI;1;27;2;26.72360693671877;75.85836544819789
64;JAI;1;27;2;26.71142367324751;75.87733754453375
65;JAI;1;27;2;26.6995450242059;75.89585541621057
66;JAI;1;27;2;26.68729917638817;75.91481255020068
67;JAI;1;27;2;26.67352075281423;75.93049669507873
68;JAI;1;27;2;26.65774977170221;75.94123323395296
69;JAI;1;27;2;26.64180784146687;75.95105733849235
70;JAI;1;27;2;26.62618702056809;75.96062117624983
71;JAI;1;27;2;26.61116813147597;75.96975313037848
72;JAI;1;27;3;26.826225;75.83337222
73;JAI;1;27;3;26.82373394888889;75.80685863888888
74;JAI;1;27;3;26.82314503479829;75.80056188850064
75;JAI;1;27;3;26.82103523683575;75.7814521261272
76;JAI;1;27;3;26.81627395751167;75.76983432734883
77;JAI;1;27;3;26.81077337767782;75.76507477605196
78;JAI;1;27;3;26.80583062989557;75.76295939727989
79;JAI;1;27;3;26.79969654900638;75.76199718017546
80;JAI;1;27;3;26.78954907855633;75.76371272674709
81;JAI;1;27;3;26.77964954513029;75.76892110766714
82;JAI;1;27;3;26.77080433901253;75.77495500088875
83;JAI;1;27;3;26.76206961304633;75.78291521568201
84;JAI;1;27;3;26.75117223735015;75.7943886945994
85;JAI;1;27;3;26.74039658476492;75.80737913873563
86;JAI;1;27;3;26.72780956711295;75.8190835664956
87;JAI;1;27;3;26.71369501345137;75.83121419322596
88;JAI;1;27;3;26.69840449282176;75.84355788655837
89;JAI;1;27;3;26.68389115795711;75.85598714619056
90;JAI;1;27;3;26.66818340888561;75.86759624109636
91;JAI;1;27;3;26.65199559375825;75.87941353949718
92;JAI;1;27;3;26.63602676538064;75.89175691923096
93;JAI;1;27;3;26.61991480629859;75.90301906050342
94;JAI;1;27;3;26.60445611179019;75.91440789756146
95;JAI;1;27;3;26.58957781268392;75.92565267970048
96;JAI;1;27;4;26.826225;75.83337222
97;JAI;1;27;4;26.82373394888889;75.80685863888888
98;JAI;1;27;4;26.82324551476814;75.80052445449296
99;JAI;1;27;4;26.82145586645948;75.78099107163722
100;JAI;1;27;4;26.81837286533479;75.76543352436681
101;JAI;1;27;4;26.81326917388966;75.7574223424513
102;JAI;1;27;4;26.80806847515161;75.75284020677664
103;JAI;1;27;4;26.80094868031959;75.75006355315197
104;JAI;1;27;4;26.7894327143059;75.7501007235866
105;JAI;1;27;4;26.77840721781233;75.75345915438947
106;JAI;1;27;4;26.76874840888604;75.75952925173131
107;JAI;1;27;4;26.75917659593864;75.76680503385398
108;JAI;1;27;4;26.74644590378145;75.77458151218984
109;JAI;1;27;4;26.73350042537907;75.78378623656366
110;JAI;1;27;4;26.71999806157797;75.79572461509748
111;JAI;1;27;4;26.70514164017665;75.80778434894779
112;JAI;1;27;4;26.68927119919199;75.81986057805557
113;JAI;1;27;4;26.67411301779619;75.83108355202197
114;JAI;1;27;4;26.65772520877163;75.84176428801418
115;JAI;1;27;4;26.64115395034025;75.85368432857514
116;JAI;1;27;4;26.624793431931;75.8661718812807
117;JAI;1;27;4;26.60877469087706;75.87857512400333
118;JAI;1;27;4;26.5932499144389;75.89057662908921
119;JAI;1;27;4;26.57800022307557;75.90200426003558
120;JAI;1;27;5;26.826225;75.83337222
121;JAI;1;27;5;26.82373394888889;75.80685863888888
122;JAI;1;27;5;26.82334966870416;75.80048565174205
123;JAI;1;27;5;26.82172728958207;75.78069356323006
124;JAI;1;27;5;26.81979772147552;75.7624460129173
125;JAI;1;27;5;26.81671971872006;75.74684252624856
126;JAI;1;27;5;26.81126226265031;75.73839839314415
127;JAI;1;27;5;26.80262910995431;75.7340479641411
128;JAI;1;27;5;26.78928903476601;75.73329344520002
129;JAI;1;27;5;26.77704581575719;75.73651520196698
130;JAI;1;27;5;26.76625785614014;75.740842506775
131;JAI;1;27;5;26.75563204166642;75.74706667362341
132;JAI;1;27;5;26.74167999231918;75.75460846621056
133;JAI;1;27;5;26.72693199868047;75.76131456213544
134;JAI;1;27;5;26.71058617433753;75.76758
135;JAI;1;27;5;26.69317880373956;75.77501512611094
136;JAI;1;27;5;26.67572654848726;75.78471753116325
137;JAI;1;27;5;26.66059960223739;75.79666671902824
138;JAI;1;27;5;26.64463919771985;75.80944159196336
139;JAI;1;27;5;26.62712057314741;75.82038054723665
140;JAI;1;27;5;26.61040928660916;75.83341055485954
141;JAI;1;27;5;26.59222065860025;75.8422518276564
142;JAI;1;27;5;26.57634672826623;75.85463005817941
143;JAI;1;27;5;26.56152017923548;75.86834207248098
144;JAI;1;27;6;26.826225;75.83337222
145;JAI;1;27;6;26.82373394888889;75.80685863888888
146;JAI;1;27;6;26.82350412844599;75.80042810746562
147;JAI;1;27;6;26.82203861936177;75.78035231291219
148;JAI;1;27;6;26.82027823513406;75.76143851467553
149;JAI;1;27;6;26.81818444491367;75.7423514865208
150;JAI;1;27;6;26.8145330514134;75.72360839169063
151;JAI;1;27;6;26.80471905963826;75.7141293823095
152;JAI;1;27;6;26.78909177741322;75.71021876633725
153;JAI;1;27;6;26.77483346606327;75.70898039120755
154;JAI;1;27;6;26.76247783868168;75.71248084196273
155;JAI;1;27;6;26.74922595127445;75.71139343797364
156;JAI;1;27;6;26.73193264661289;75.71375915847392
157;JAI;1;27;6;26.71497563137689;75.72040985150699
158;JAI;1;27;6;26.69560586966692;75.72278399913145
159;JAI;1;27;6;26.67558698317202;75.72682669761284
160;JAI;1;27;6;26.6565785862901;75.73503609248631
161;JAI;1;27;6;26.63999061382502;75.7441784262445
162;JAI;1;27;6;26.62223525244288;75.75410342125105
163;JAI;1;27;6;26.60120026154614;75.7588668874859
164;JAI;1;27;6;26.58109713624447;75.7666492072287
165;JAI;1;27;6;26.56122311271101;75.7742361909502
166;JAI;1;27;6;26.54569672627599;75.7894493012101
167;JAI;1;27;6;26.52828831191889;75.80046255946179
168;JAI;0;27;7;26.826225;75.83337222
169;JAI;0;27;7;26.82373394888889;75.80685863888888
170;JAI;0;27;7;26.82259904266493;75.80083716568365
171;JAI;0;27;7;26.8176563985357;75.7878732634411
172;JAI;0;27;7;26.80624775744649;75.78226413398254
173;JAI;0;27;7;26.792924289549;75.78182844402247
174;JAI;0;27;7;26.78076488045353;75.78243251133685
175;JAI;0;27;7;26.76882594791516;75.78409257110691
176;JAI;0;27;7;26.75710331985709;75.78645885181842
177;JAI;0;27;7;26.74491807270677;75.7905561076804
178;JAI;0;27;7;26.73366758900499;75.7932288092737
179;JAI;0;27;7;26.72350962653924;75.79327418647141
180;JAI;0;27;7;26.71453768169907;75.79178706877542
181;JAI;0;27;7;26.70630126928932;75.78897472975612
182;JAI;0;27;7;26.70237647224351;75.78817787213313
183;JAI;0;27;7;26.69706322921607;75.7869644069754
184;JAI;0;27;7;26.68641755043963;75.78339164359396
185;JAI;0;27;7;26.67318006304504;75.78051241274311
186;JAI;0;27;7;26.65967516552321;75.77666861416303
187;JAI;0;27;7;26.6450533243257;75.77495674615572
188;JAI;0;27;7;26.63013766431928;75.77390470868339
189;JAI;0;27;7;26.61579251213431;75.77157676732004
190;JAI;0;27;7;26.60146345628687;75.76943889763893
191;JAI;0;27;7;26.58721698469327;75.76750544792266
192;JAI;0;27;8;26.826225;75.83337222
193;JAI;0;27;8;26.82373394888889;75.80685863888888
194;JAI;0;27;8;26.82291731433849;75.80071709288715
195;JAI;0;27;8;26.82013890333571;75.78623360777205
196;JAI;0;27;8;26.81183621277215;75.77709216125582
197;JAI;0;27;8;26.80006259783006;75.7739327935877
198;JAI;0;27;8;26.78740035206797;75.77425800753697
199;JAI;0;27;8;26.77549060079485;75.77509718324634
200;JAI;0;27;8;26.76413320733445;75.77635161009344
201;JAI;0;27;8;26.75340870247603;75.77732344838657
202;JAI;0;27;8;26.7422960032053;75.77850279309739
203;JAI;0;27;8;26.73035420718866;75.78053801202036
204;JAI;0;27;8;26.71937811731255;75.7823559502584
205;JAI;0;27;8;26.70925963673645;75.78303126678846
206;JAI;0;27;8;26.70472163503829;75.78304336849835
207;JAI;0;27;8;26.69903999327709;75.78236077781744
208;JAI;0;27;8;26.68788215862043;75.78000993914348
209;JAI;0;27;8;26.6754064541366;75.77541320417029
210;JAI;0;27;8;26.66234859674937;75.7704323204706
211;JAI;0;27;8;26.64897232396004;75.7655724036817
212;JAI;0;27;8;26.63563222930702;75.76037100884291
213;JAI;0;27;8;26.62235424132791;75.75496300886711
214;JAI;0;27;8;26.60902317117276;75.74972109716444
215;JAI;0;27;8;26.59582224217136;75.7443321108792
216;JAI;0;27;9;26.826225;75.83337222
217;JAI;0;27;9;26.82373394888889;75.80685863888888
218;JAI;0;27;9;26.82303981314203;75.80067087836312
219;JAI;0;27;9;26.82117569706389;75.7855488216987
220;JAI;0;27;9;26.8150315542884;75.77413495426185
221;JAI;0;27;9;26.8049199301523;75.76856012032232
222;JAI;0;27;9;26.79315328909618;75.76717073351485
223;JAI;0;27;9;26.78129386625008;75.76726442367581
224;JAI;0;27;9;26.77012944222534;75.76773050546306
225;JAI;0;27;9;26.75921402106981;75.76827585060742
226;JAI;0;27;9;26.74797689087762;75.76880728685298
227;JAI;0;27;9;26.73641085015292;75.76926800654716
228;JAI;0;27;9;26.72570160080317;75.77003525703934
229;JAI;0;27;9;26.71538043083636;75.77073437882046
230;JAI;0;27;9;26.71021836727471;75.77100881306787
231;JAI;0;27;9;26.70380261962101;75.7712692338454
232;JAI;0;27;9;26.69147236327527;75.77172034250017
233;JAI;0;27;9;26.67717646561276;75.77135926336562
234;JAI;0;27;9;26.66315044081891;75.76856186460691
235;JAI;0;27;9;26.64965386701945;75.76394039702771
236;JAI;0;27;9;26.63643381972721;75.7583966061075
237;JAI;0;27;9;26.62324781191425;75.75270056166089
238;JAI;0;27;9;26.61005466432347;75.74703068139566
239;JAI;0;27;9;26.5969105554353;75.74140136184137
240;JAI;0;27;10;26.826225;75.83337222
241;JAI;0;27;10;26.82373394888889;75.80685863888888
242;JAI;0;27;10;26.8231435732301;75.80063173330255
243;JAI;0;27;10;26.82159469445376;75.78527208046314
244;JAI;0;27;10;26.81772444704518;75.77164275076689
245;JAI;0;27;10;26.80965872589889;75.76331855982598
246;JAI;0;27;10;26.79943404628002;75.75943321665866
247;JAI;0;27;10;26.78771531180594;75.75859729660361
248;JAI;0;27;10;26.77646535610391;75.75862102635324
249;JAI;0;27;10;26.76540159223598;75.75863251161803
250;JAI;0;27;10;26.75410102689664;75.75835529370701
251;JAI;0;27;10;26.74225638971843;75.75839081545537
252;JAI;0;27;10;26.73138086548092;75.75896976158761
253;JAI;0;27;10;26.72098766404321;75.75946925252644
254;JAI;0;27;10;26.71535736842592;75.75975747471779
255;JAI;0;27;10;26.70856851116132;75.76017008565105
256;JAI;0;27;10;26.69577557826942;75.76178444190386
257;JAI;0;27;10;26.68074053904037;75.76319629781788
258;JAI;0;27;10;26.6655756711224;75.76290454741229
259;JAI;0;27;10;26.65090720082349;75.76093919397877
260;JAI;0;27;10;26.63686920960841;75.75732419437355
261;JAI;0;27;10;26.62352734494324;75.75199280703
262;JAI;0;27;10;26.61024801145512;75.74652637928617
263;JAI;0;27;10;26.59706591094742;75.7409830006647
264;JAI;0;27;11;26.826225;75.83337222
265;JAI;0;27;11;26.82373394888889;75.80685863888888
266;JAI;0;27;11;26.82322783336963;75.80059994489213
267;JAI;0;27;11;26.82184755281721;75.78510507146115
268;JAI;0;27;11;26.81970491569852;75.76980987759097
269;JAI;0;27;11;26.81411606694972;75.7583883150929
270;JAI;0;27;11;26.80589674086273;75.75147156381867
271;JAI;0;27;11;26.7955876123414;75.7479719275184
272;JAI;0;27;11;26.78443084152572;75.74716862588816
273;JAI;0;27;11;26.77272698368477;75.74721587800306
274;JAI;0;27;11;26.7611488392569;75.74632687267675
275;JAI;0;27;11;26.74894775536941;75.74593973852139
276;JAI;0;27;11;26.7390393774601;75.7440478950642
277;JAI;0;27;11;26.72962339518705;75.7421197686745
278;JAI;0;27;11;26.72398701928802;75.7408637016215
279;JAI;0;27;11;26.71761916888327;75.73909226831876
280;JAI;0;27;11;26.70709708737009;75.73564366363053
281;JAI;0;27;11;26.69461314755917;75.73142320792611
282;JAI;0;27;11;26.68122504847805;75.7263993579994
283;JAI;0;27;11;26.66744055838089;75.72134881274866
284;JAI;0;27;11;26.65343239381972;75.71652730435248
285;JAI;0;27;11;26.63944824958821;75.71168238635896
286;JAI;0;27;11;26.62547552983999;75.7068088537225
287;JAI;0;27;11;26.61159586869962;75.70185487357766
288;JAI;0;27;12;26.826225;75.83337222
289;JAI;0;27;12;26.82373394888889;75.80685863888888
290;JAI;0;27;12;26.82331962440664;75.80056531533688
291;JAI;0;27;12;26.82209115488529;75.78494417609777
292;JAI;0;27;12;26.82049686546517;75.76907694830096
293;JAI;0;27;12;26.81796847880513;75.75412717980097
294;JAI;0;27;12;26.81233759115114;75.74353682184156
295;JAI;0;27;12;26.80395158552613;75.73668294004821
296;JAI;0;27;12;26.79451755562576;75.73266642255301
297;JAI;0;27;12;26.78361122579421;75.730252770269
298;JAI;0;27;12;26.77081051259777;75.72983740490143
299;JAI;0;27;12;26.75796923483719;75.72915286110793
300;JAI;0;27;12;26.74779846325616;75.72698166738559
301;JAI;0;27;12;26.73877166475545;75.72374057732327
302;JAI;0;27;12;26.73261372367759;75.7219763795375
303;JAI;0;27;12;26.72572394090124;75.72021729708875
304;JAI;0;27;12;26.71527785886318;75.71675468586226
305;JAI;0;27;12;26.70279847512901;75.71267596595517
306;JAI;0;27;12;26.68908311460631;75.7080689039556
307;JAI;0;27;12;26.67498501499199;75.70328303800385
308;JAI;0;27;12;26.66077006593928;75.69845383498492
309;JAI;0;27;12;26.64662985539464;75.69349915132261
310;JAI;0;27;12;26.63308142262208;75.68697060868665
311;JAI;0;27;12;26.61910480325803;75.68163385499656
312;JAI;0;27;13;26.826225;75.83337222
313;JAI;0;27;13;26.82373394888889;75.80685863888888
314;JAI;0;27;13;26.82349277314632;75.80049999235935
315;JAI;0;27;13;26.82234620501911;75.78477571946566
316;JAI;0;27;13;26.82108306582993;75.76853443482949
317;JAI;0;27;13;26.8194087000393;75.75253415762178
318;JAI;0;27;13;26.81741778253503;75.73727833017966
319;JAI;0;27;13;26.81365787882261;75.72358220180027
320;JAI;0;27;13;26.80674960857719;75.71507975187424
321;JAI;0;27;13;26.79809833476548;75.70767458909995
322;JAI;0;27;13;26.78618294540177;75.70360144903678
323;JAI;0;27;13;26.77421876162183;75.69891626686253
324;JAI;0;27;13;26.76611198084628;75.69129955762365
325;JAI;0;27;13;26.75664454276875;75.68783334453487
326;JAI;0;27;13;26.74893393328225;75.68624488331808
327;JAI;0;27;13;26.74189325235202;75.68256105114303
328;JAI;0;27;13;26.73344717666143;75.67480267189323
329;JAI;0;27;13;26.72192454784915;75.66887061911
330;JAI;0;27;13;26.70791481719908;75.6641403274702
331;JAI;0;27;13;26.69403950081294;75.6576556235373
332;JAI;0;27;13;26.67907869202741;75.65335773538084
333;JAI;0;27;13;26.6642131924538;75.64897958855522
334;JAI;0;27;13;26.64969725872523;75.64363197145711
335;JAI;0;27;13;26.63540747510238;75.63773193685869
336;JAI;2;27;14;26.826225;75.83337222
337;JAI;2;27;14;26.82373394888889;75.80685863888888
338;JAI;2;27;14;26.82258937352586;75.80160700271276
339;JAI;2;27;14;26.82101044392286;75.78858369737617
340;JAI;2;27;14;26.81929308248301;75.77361252430568
341;JAI;2;27;14;26.81749203975814;75.75288201929064
342;JAI;2;27;14;26.81681717914369;75.73024447556348
343;JAI;2;27;14;26.8182827597718;75.7140751571195
344;JAI;2;27;14;26.82488504396497;75.7006378518448
345;JAI;2;27;14;26.8366013297158;75.69453373557367
346;JAI;2;27;14;26.85524636687209;75.69625429916944
347;JAI;2;27;14;26.87709962317762;75.70299273573194
348;JAI;2;27;14;26.89728573097308;75.70711394190342
349;JAI;2;27;14;26.91594166033344;75.71079210663513
350;JAI;2;27;14;26.93337874710624;75.71352576470484
351;JAI;2;27;14;26.95114532017038;75.71831265855539
352;JAI;2;27;14;26.96850188233647;75.72192796896458
353;JAI;2;27;14;26.98588860452516;75.72552695266037
354;JAI;2;27;14;27.00327384986677;75.72919540332069
355;JAI;2;27;14;27.02058627987993;75.73285827649813
356;JAI;2;27;14;27.03772496443636;75.73645829899472
357;JAI;2;27;14;27.05473219171535;75.7400448894801
358;JAI;2;27;14;27.0717704138739;75.74154882292021
359;JAI;2;27;14;27.08920570769655;75.74597053259238
360;JAI;2;27;15;26.826225;75.83337222
361;JAI;2;27;15;26.82373394888889;75.80685863888888
362;JAI;2;27;15;26.82297585942464;75.80168851437448
363;JAI;2;27;15;26.82177521311018;75.7891725770153
364;JAI;2;27;15;26.82066328930508;75.77524574914979
365;JAI;2;27;15;26.81934991928437;75.75558910203857
366;JAI;2;27;15;26.81906849553713;75.73390787346094
367;JAI;2;27;15;26.82330250658923;75.72296815470989
368;JAI;2;27;15;26.83324756356353;75.71663190514681
369;JAI;2;27;15;26.84887871285363;75.71931470308887
370;JAI;2;27;15;26.8702597811808;75.72975931119578
371;JAI;2;27;15;26.8903007946107;75.73674906544527
372;JAI;2;27;15;26.90922002287303;75.74157781149573
373;JAI;2;27;15;26.92688482223724;75.74555957126456
374;JAI;2;27;15;26.94359265236927;75.74830890134524
375;JAI;2;27;15;26.9600709236153;75.75101218339991
376;JAI;2;27;15;26.97646492712117;75.75380802904832
377;JAI;2;27;15;26.99289018793891;75.75656727632342
378;JAI;2;27;15;27.00927767416962;75.75929263925363
379;JAI;2;27;15;27.02539607767956;75.76115185367301
380;JAI;2;27;15;27.04141136322388;75.7636596776815
381;JAI;2;27;15;27.05725894013373;75.76629935182832
382;JAI;2;27;15;27.07331957438979;75.76896591454648
383;JAI;2;27;15;27.08962334174858;75.77128163549644
384;JAI;2;27;16;26.826225;75.83337222
385;JAI;2;27;16;26.82373394888889;75.80685863888888
386;JAI;2;27;16;26.82314391667398;75.80172395842483
387;JAI;2;27;16;26.82201257899399;75.78935535103172
388;JAI;2;27;16;26.82105319699838;75.77571050156625
389;JAI;2;27;16;26.82045377439504;75.7571975094106
390;JAI;2;27;16;26.82522917165135;75.74393267849923
391;JAI;2;27;16;26.83134313779477;75.7372129595849
392;JAI;2;27;16;26.84349694600891;75.73623474938677
393;JAI;2;27;16;26.8598433734873;75.74144603970417
394;JAI;2;27;16;26.87914368970772;75.74958527855503
395;JAI;2;27;16;26.89771082786645;75.75569704495116
396;JAI;2;27;16;26.91561313782723;75.76003986034766
397;JAI;2;27;16;26.93242298164872;75.76315482966822
398;JAI;2;27;16;26.94871257219455;75.76574462904041
399;JAI;2;27;16;26.96470980857014;75.76800703811955
400;JAI;2;27;16;26.98055003957638;75.77016278204069
401;JAI;2;27;16;26.99641604345156;75.77219855425507
402;JAI;2;27;16;27.0122944909546;75.77441597430874
403;JAI;2;27;16;27.02799387599451;75.77643337072864
404;JAI;2;27;16;27.04340517029498;75.77837167828028
405;JAI;2;27;16;27.05863532529418;75.78060083594482
406;JAI;2;27;16;27.07410226043811;75.78281791689318
407;JAI;2;27;16;27.08984996708666;75.78501647638137
408;JAI;2;27;17;26.826225;75.83337222
409;JAI;2;27;17;26.82373394888889;75.80685863888888
410;JAI;2;27;17;26.82324623853917;75.80174553857896
411;JAI;2;27;17;26.82223171573887;75.78952408843561
412;JAI;2;27;17;26.821726312085;75.77651282444532
413;JAI;2;27;17;26.82524593808624;75.76418008469098
414;JAI;2;27;17;26.83162646096694;75.75434250640991
415;JAI;2;27;17;26.83940473562869;75.75149490899774
416;JAI;2;27;17;26.85236250751689;75.75319091452812
417;JAI;2;27;17;26.86833436687015;75.75858446642184
418;JAI;2;27;17;26.88648377547677;75.76596594033585
419;JAI;2;27;17;26.90498734416848;75.77430361215629
420;JAI;2;27;17;26.92262409681773;75.78028612031778
421;JAI;2;27;17;26.93980068790024;75.78659450308264
422;JAI;2;27;17;26.95595566267559;75.79041074835646
423;JAI;2;27;17;26.97150127340526;75.79288800829451
424;JAI;2;27;17;26.98696222986341;75.79583399413931
425;JAI;2;27;17;27.00210600159473;75.79742401140618
426;JAI;2;27;17;27.01720567121748;75.799035773894
427;JAI;2;27;17;27.03234067224001;75.80200334688129
428;JAI;2;27;17;27.04673983052274;75.80297763137305
429;JAI;2;27;17;27.06085391475015;75.80365333809114
430;JAI;2;27;17;27.07541811826215;75.8061060101276
431;JAI;2;27;17;27.09022362155529;75.80766215543966
432;JAI;2;27;18;26.826225;75.83337222
433;JAI;2;27;18;26.82373394888889;75.80685863888888
434;JAI;2;27;18;26.82336219127247;75.80176999354613
435;JAI;2;27;18;26.82245338511395;75.78969477598916
436;JAI;2;27;18;26.82419656850175;75.77945725888118
437;JAI;2;27;18;26.82847479323975;75.76888479129778
438;JAI;2;27;18;26.83679904560147;75.76275946447487
439;JAI;2;27;18;26.84600943972463;75.7631958213638
440;JAI;2;27;18;26.85952782711763;75.76689521767139
441;JAI;2;27;18;26.87606198588071;75.77418207981556
442;JAI;2;27;18;26.89460214564769;75.7840834774009
443;JAI;2;27;18;26.91351370477884;75.79610611971988
444;JAI;2;27;18;26.93231962900426;75.80828489558706
445;JAI;2;27;18;26.94974953910265;75.81820294818506
446;JAI;2;27;18;26.9670898313987;75.82832781358273
447;JAI;2;27;18;26.98378659661866;75.83789608356004
448;JAI;2;27;18;26.99879644031573;75.84321227097485
449;JAI;2;27;18;27.01265435050855;75.84418831385709
450;JAI;2;27;18;27.02630691582441;75.84466041119201
451;JAI;2;27;18;27.03965798169681;75.84504733094322
452;JAI;2;27;18;27.05249213146151;75.84542298934291
453;JAI;2;27;18;27.06490734708633;75.84577098062219
454;JAI;2;27;18;27.0776803470973;75.84614300733783
455;JAI;2;27;18;27.0908652659072;75.84654961238957
456;JAI;2;27;19;26.826225;75.83337222
457;JAI;2;27;19;26.82373394888889;75.80685863888888
458;JAI;2;27;19;26.82348796869074;75.80179652058477
459;JAI;2;27;19;26.82322997364379;75.79029275663585
460;JAI;2;27;19;26.82629174565198;75.78195461571771
461;JAI;2;27;19;26.83115769289937;75.77279399600157
462;JAI;2;27;19;26.84157598965655;75.77053262637189
463;JAI;2;27;19;26.85131525966623;75.77259562690617
464;JAI;2;27;19;26.86546537250204;75.77825129477733
465;JAI;2;27;19;26.88362834570237;75.7894542037563
466;JAI;2;27;19;26.9026549762658;75.80205475169987
467;JAI;2;27;19;26.9208787996054;75.81493918848166
468;JAI;2;27;19;26.93901759471028;75.82762729298787
469;JAI;2;27;19;26.95612518655166;75.83845898561938
470;JAI;2;27;19;26.97127355047838;75.84257533876196
471;JAI;2;27;19;26.98520319947351;75.84308589963608
472;JAI;2;27;19;26.99897633557255;75.84393248186798
473;JAI;2;27;19;27.01279738102021;75.84482241519008
474;JAI;2;27;19;27.02639917956357;75.84512293031072
475;JAI;2;27;19;27.03972246187088;75.84542663478457
476;JAI;2;27;19;27.05253452209776;75.84573578343166
477;JAI;2;27;19;27.06493596531921;75.8460683415752
478;JAI;2;27;19;27.07769792067401;75.84645402505235
479;JAI;2;27;19;27.09087020586519;75.84684900317022
480;JAI;2;27;20;26.826225;75.83337222
481;JAI;2;27;20;26.82373394888889;75.80685863888888
482;JAI;2;27;20;26.82380571386745;75.8018635345106
483;JAI;2;27;20;26.82560908323675;75.79212469393379
484;JAI;2;27;20;26.82890040066017;75.78506401504374
485;JAI;2;27;20;26.83586945225834;75.77965941557967
486;JAI;2;27;20;26.84815554458543;75.78123904141108
487;JAI;2;27;20;26.86046668218193;75.7888083127927
488;JAI;2;27;20;26.87625275280092;75.79888310717023
489;JAI;2;27;20;26.89789945054031;75.81825934744408
490;JAI;2;27;20;26.91697283972822;75.83400752257768
491;JAI;2;27;20;26.93081483001587;75.84034632149843
492;JAI;2;27;20;26.94411340540713;75.84234298427444
493;JAI;2;27;20;26.95783662564668;75.84389639015791
494;JAI;2;27;20;26.97187986202039;75.84464011385722
495;JAI;2;27;20;26.98578931434098;75.84523316931806
496;JAI;2;27;20;26.9993147957886;75.84528750778023
497;JAI;2;27;20;27.01300428459068;75.84573968681491
498;JAI;2;27;20;27.0265789397559;75.84602407009213
499;JAI;2;27;20;27.03986877904303;75.84628734377372
500;JAI;2;27;20;27.05265079768409;75.84659376338394
501;JAI;2;27;20;27.06500552243092;75.84679108253239
502;JAI;2;27;20;27.07773612904028;75.84713023792247
503;JAI;2;27;20;27.09088036525024;75.8474647222174
504;JAI;3;27;21;26.826225;75.83337222
505;JAI;3;27;21;26.82373394888889;75.80685863888888
506;JAI;3;27;21;26.82242812316298;75.8005360883005
507;JAI;3;27;21;26.81989856831817;75.77956113381245
508;JAI;3;27;21;26.81826143876899;75.75660907314291
509;JAI;3;27;21;26.81759114154672;75.73480503554629
510;JAI;3;27;21;26.81940765270332;75.71428243111303
511;JAI;3;27;21;26.83653238868905;75.70272929621008
512;JAI;3;27;21;26.8551870315643;75.71204329764005
513;JAI;3;27;21;26.87457279201102;75.72017829088988
514;JAI;3;27;21;26.89254684432866;75.73441440481994
515;JAI;3;27;21;26.91370644967909;75.74383800228212
516;JAI;3;27;21;26.93540310841532;75.75481867228714
517;JAI;3;27;21;26.95939138607606;75.76529210682958
518;JAI;3;27;21;26.98946199389683;75.77017711379163
519;JAI;3;27;21;27.00050436108183;75.78849882448269
520;JAI;3;27;21;27.00732827586074;75.80825230797397
521;JAI;3;27;21;27.01489246423412;75.83019436541683
522;JAI;3;27;21;27.03904898221433;75.84459475429567
523;JAI;3;27;21;27.02757572150234;75.87395014027841
524;JAI;3;27;21;27.0205427148383;75.8999961135934
525;JAI;3;27;21;27.02272498381492;75.92305932436611
526;JAI;3;27;21;27.02729267053265;75.9459046784687
527;JAI;3;27;21;27.03928862993626;75.96891072740146
528;JAI;3;27;22;26.826225;75.83337222
529;JAI;3;27;22;26.82373394888889;75.80685863888888
530;JAI;3;27;22;26.82278184367493;75.80056962211243
531;JAI;3;27;22;26.82088177574239;75.78096515280696
532;JAI;3;27;22;26.8197577631493;75.76062944211903
533;JAI;3;27;22;26.82042713203732;75.74575282492319
534;JAI;3;27;22;26.8233051242237;75.73637448446232
535;JAI;3;27;22;26.83605890810776;75.72718180093003
536;JAI;3;27;22;26.85118387993412;75.7294344290564
537;JAI;3;27;22;26.86743176099556;75.73913233916132
538;JAI;3;27;22;26.88490845933674;75.7489451832123
539;JAI;3;27;22;26.90430329651249;75.75738258479028
540;JAI;3;27;22;26.9252920867553;75.76628556442822
541;JAI;3;27;22;26.94481252609986;75.77875901301445
542;JAI;3;27;22;26.95255340828824;75.79910787644619
543;JAI;3;27;22;26.96060892276608;75.8158324883383
544;JAI;3;27;22;26.97149278503598;75.82961763804421
545;JAI;3;27;22;26.98095730577258;75.84694686634866
546;JAI;3;27;22;26.98559875779081;75.86644237814023
547;JAI;3;27;22;26.98543415076062;75.88781740271038
548;JAI;3;27;22;26.98450225879308;75.90907421775238
549;JAI;3;27;22;26.98521553174633;75.92963545090676
550;JAI;3;27;22;26.9849377605064;75.95005866174509
551;JAI;3;27;22;26.98471326702525;75.96997310430183
552;JAI;3;27;23;26.826225;75.83337222
553;JAI;3;27;23;26.82373394888889;75.80685863888888
554;JAI;3;27;23;26.82301271342762;75.80059150928777
555;JAI;3;27;23;26.8214145527159;75.78172595767093
556;JAI;3;27;23;26.82124945477784;75.76463736367947
557;JAI;3;27;23;26.8235489190129;75.75780387601151
558;JAI;3;27;23;26.82604561172358;75.75190840067793
559;JAI;3;27;23;26.83573592160162;75.74386216624598
560;JAI;3;27;23;26.84758056408619;75.74508852993375
561;JAI;3;27;23;26.86252188060806;75.75216436628318
562;JAI;3;27;23;26.87892835244476;75.76032135868682
563;JAI;3;27;23;26.89513485796024;75.77058907736163
564;JAI;3;27;23;26.91067893577082;75.7828583136335
565;JAI;3;27;23;26.92078409204105;75.80095475861921
566;JAI;3;27;23;26.9264347556819;75.81958095952297
567;JAI;3;27;23;26.93168233669013;75.83565103435936
568;JAI;3;27;23;26.93445572625678;75.851699349985
569;JAI;3;27;23;26.93693306182617;75.86867996621237
570;JAI;3;27;23;26.94130474443695;75.88454742732868
571;JAI;3;27;23;26.94307251661678;75.90175708002616
572;JAI;3;27;23;26.94615098638217;75.91873438534677
573;JAI;3;27;23;26.94696361147831;75.93634174636652
574;JAI;3;27;23;26.94788956526513;75.95369218577709
575;JAI;3;27;23;26.94787666441985;75.97069017430574
576;JAI;3;27;24;26.826225;75.83337222
577;JAI;3;27;24;26.82373394888889;75.80685863888888
578;JAI;3;27;24;26.82313064327588;75.80060268940659
579;JAI;3;27;24;26.82181800916518;75.7823020929851
580;JAI;3;27;24;26.82403486870179;75.77212129689129
581;JAI;3;27;24;26.8260253002805;75.76736346396653
582;JAI;3;27;24;26.82787923835083;75.7623019537957
583;JAI;3;27;24;26.83549406137004;75.75635283363184
584;JAI;3;27;24;26.84509382570742;75.75589181642863
585;JAI;3;27;24;26.85896023434637;75.76161784926396
586;JAI;3;27;24;26.87393907995167;75.76981263374206
587;JAI;3;27;24;26.88377248319947;75.7869557811374
588;JAI;3;27;24;26.88937867942687;75.80701489743743
589;JAI;3;27;24;26.89306812057039;75.8265567870513
590;JAI;3;27;24;26.89731666914923;75.84240514626815
591;JAI;3;27;24;26.89836576959468;75.85847729932235
592;JAI;3;27;24;26.89843241768278;75.87317665810028
593;JAI;3;27;24;26.90022780266099;75.88679996082105
594;JAI;3;27;24;26.9022273207834;75.90052021064261
595;JAI;3;27;24;26.90231727476419;75.91516815190367
596;JAI;3;27;24;26.90356522531335;75.92946116344821
597;JAI;3;27;24;26.90506681663468;75.9436870582638
598;JAI;3;27;24;26.90639476621273;75.95776181315239
599;JAI;3;27;24;26.90737627534049;75.97147856444221
600;JAI;3;27;25;26.826225;75.83337222
601;JAI;3;27;25;26.82373394888889;75.80685863888888
602;JAI;3;27;25;26.82324090428671;75.8006131424956
603;JAI;3;27;25;26.82292248203749;75.78387927889058
604;JAI;3;27;25;26.82577379877679;75.7767935060841
605;JAI;3;27;25;26.82736021755584;75.77251665231978
606;JAI;3;27;25;26.82904914355456;75.76893333212374
607;JAI;3;27;25;26.83532815350841;75.7649210050201
608;JAI;3;27;25;26.84302346687288;75.76488620032833
609;JAI;3;27;25;26.85580506098803;75.76999245343659
610;JAI;3;27;25;26.86678190076666;75.78342799677519
611;JAI;3;27;25;26.87124749300468;75.80499715088875
612;JAI;3;27;25;26.8706457335538;75.82825989888576
613;JAI;3;27;25;26.86923129784519;75.84857553583618
614;JAI;3;27;25;26.86915602573196;75.86447884206198
615;JAI;3;27;25;26.868404355569;75.87900483966757
616;JAI;3;27;25;26.86726445715286;75.89175917919911
617;JAI;3;27;25;26.86644390222772;75.90347779139994
618;JAI;3;27;25;26.866060581554;75.91530326016
619;JAI;3;27;25;26.86620643274643;75.92705092025061
620;JAI;3;27;25;26.86633616720588;75.93883866041485
621;JAI;3;27;25;26.86612253117182;75.95051473862478
622;JAI;3;27;25;26.86629640175456;75.96169448436494
623;JAI;3;27;25;26.86611952181444;75.9722816781476
624;JAI;3;27;26;26.826225;75.83337222
625;JAI;3;27;26;26.82373394888889;75.80685863888888
626;JAI;3;27;26;26.8234142247408;75.80062957381728
627;JAI;3;27;26;26.82457674186328;75.78624155989056
628;JAI;3;27;26;26.82703138421449;75.78017242414829
629;JAI;3;27;26;26.82850517429165;75.77693653497838
630;JAI;3;27;26;26.82995863812957;75.7740886238473
631;JAI;3;27;26;26.83520450198614;75.77130688345164
632;JAI;3;27;26;26.84136845767544;75.77207615592008
633;JAI;3;27;26;26.85205386916359;75.77994903684335
634;JAI;3;27;26;26.85650384124536;75.80298032431114
635;JAI;3;27;26;26.85640475604345;75.82637707226792
636;JAI;3;27;26;26.85541986976109;75.84552752462496
637;JAI;3;27;26;26.85480116118094;75.86190506208237
638;JAI;3;27;26;26.85170337219352;75.87815908932389
639;JAI;3;27;26;26.84936220173688;75.89205123930391
640;JAI;3;27;26;26.84755266457504;75.90351146568965
641;JAI;3;27;26;26.84736288077701;75.91289736814939
642;JAI;3;27;26;26.8478528336588;75.92274562417926
643;JAI;3;27;26;26.84857918468807;75.93285140823613
644;JAI;3;27;26;26.85036440340261;75.94286173202156
645;JAI;3;27;26;26.85257322062524;75.9528901926978
646;JAI;3;27;26;26.85477971787484;75.96282399006348
647;JAI;3;27;26;26.85686182340825;75.97246189069062
648;JAI;3;27;27;26.826225;75.83337222
649;JAI;3;27;27;26.82373394888889;75.80685863888888
650;JAI;3;27;27;26.82362653156544;75.80064970116892
651;JAI;3;27;27;26.82635501375538;75.78878092996894
652;JAI;3;27;27;26.82865216117186;75.78452717602049
653;JAI;3;27;27;26.82977372326701;75.78183352142545
654;JAI;3;27;27;26.83103094864079;75.78016680579093
655;JAI;3;27;27;26.83507278052346;75.77810952714022
656;JAI;3;27;27;26.8396223204216;75.7796620045858
657;JAI;3;27;27;26.84504215524785;75.79855984580591
658;JAI;3;27;27;26.83600154751423;75.84198258552959
659;JAI;3;27;27;26.83140397858508;75.86238893839979
660;JAI;3;27;27;26.83292466195547;75.87103930081058
661;JAI;3;27;27;26.83468716497234;75.88048493049365
662;JAI;3;27;27;26.83739854102893;75.88937191876215
663;JAI;3;27;27;26.83823419743657;75.8996753973974
664;JAI;3;27;27;26.83997856760404;75.90802718678192
665;JAI;3;27;27;26.84082951314292;75.916122644009
666;JAI;3;27;27;26.84272983351492;75.92483963559468
667;JAI;3;27;27;26.8446554898542;75.93414255389128
668;JAI;3;27;27;26.84680249955772;75.94375892749731
669;JAI;3;27;27;26.8495883491608;75.95341349792821
670;JAI;3;27;27;26.85158615661265;75.96313720050513
671;JAI;3;27;27;26.85356987365288;75.97252597256184
672;JAI;3;9;28;26.82302222;75.79928333
673;JAI;3;9;28;26.82551327111111;75.82579691111111
674;JAI;3;9;28;26.82535110003127;75.8319485788632
675;JAI;3;9;28;26.82617893236749;75.84787516978298
676;JAI;3;9;28;26.82725872894222;75.86461393567237
677;JAI;3;9;28;26.82861792024834;75.88184679548874
678;JAI;3;9;28;26.83135627740443;75.89811876733437
679;JAI;3;9;28;26.83554379779597;75.91320886515908
680;JAI;3;9;28;26.84443437055757;75.92689737937256
681;JAI;3;9;28;26.85788441960103;75.93555512422776
682;JAI;3;9;28;26.87434398946844;75.9364977724606
683;JAI;3;9;28;26.89046448804196;75.93339174795918
684;JAI;3;9;28;26.9059328081072;75.93197473031952
685;JAI;3;9;28;26.92411198010772;75.9302236354252
686;JAI;3;9;28;26.94166280907447;75.92981075811656
687;JAI;3;9;28;26.95955576187155;75.92818325970023
688;JAI;3;9;28;26.97717803701087;75.92658906522945
689;JAI;3;9;28;26.99440309203247;75.9249770667894
690;JAI;3;9;28;27.01172200469835;75.92339491790396
691;JAI;3;9;28;27.02901221810263;75.92175539758331
692;JAI;3;9;28;27.04621987801098;75.92015872891335
693;JAI;3;9;28;27.06332911693595;75.91857794698163
694;JAI;3;9;28;27.07957608757071;75.92232953691573
695;JAI;3;9;28;27.09659000709678;75.92061298644437
696;JAI;3;9;29;26.82302222;75.79928333
697;JAI;3;9;29;26.82551327111111;75.82579691111111
698;JAI;3;9;29;26.82572845654941;75.83179016613211
699;JAI;3;9;29;26.82696039204758;75.8472856271666
700;JAI;3;9;29;26.828493603193;75.86343880975734
701;JAI;3;9;29;26.83037794287604;75.87994676563463
702;JAI;3;9;29;26.83476743943794;75.89414613775101
703;JAI;3;9;29;26.84381659886543;75.90305708841053
704;JAI;3;9;29;26.85982049244091;75.90569614871954
705;JAI;3;9;29;26.87908003986055;75.90161107862251
706;JAI;3;9;29;26.89736154970571;75.89562149143761
707;JAI;3;9;29;26.91381785525147;75.88994408439126
708;JAI;3;9;29;26.92785888649765;75.88942350354718
709;JAI;3;9;29;26.94431209715114;75.8878731951149
710;JAI;3;9;29;26.95916196645513;75.88742627594806
711;JAI;3;9;29;26.97460402644168;75.88566072707235
712;JAI;3;9;29;26.98994155073839;75.8851643723548
713;JAI;3;9;29;27.00540781153986;75.88467101381131
714;JAI;3;9;29;27.02139079307774;75.88417323295175
715;JAI;3;9;29;27.03721791167635;75.8847506759189
716;JAI;3;9;29;27.05330315835422;75.88428925117717
717;JAI;3;9;29;27.06933428469491;75.88380974590515
718;JAI;3;9;29;27.08526057316201;75.88360398895422
719;JAI;3;9;29;27.10105468876642;75.88306660108687
720;JAI;3;9;30;26.82302222;75.79928333
721;JAI;3;9;30;26.82551327111111;75.82579691111111
722;JAI;3;9;30;26.82591241466259;75.8317129412646
723;JAI;3;9;30;26.82731221754073;75.84702020576736
724;JAI;3;9;30;26.82888286299336;75.86306838395991
725;JAI;3;9;30;26.83246576427524;75.87769286109608
726;JAI;3;9;30;26.84151109701513;75.88629249335418
727;JAI;3;9;30;26.85479708583781;75.88958263744792
728;JAI;3;9;30;26.87452948617024;75.88542796346182
729;JAI;3;9;30;26.89123594754676;75.88214381699856
730;JAI;3;9;30;26.90838481907813;75.87604555671584
731;JAI;3;9;30;26.92234803928466;75.87407414312233
732;JAI;3;9;30;26.93781961622903;75.87009303951842
733;JAI;3;9;30;26.95515568714134;75.8651391282953
734;JAI;3;9;30;26.96865338254403;75.86443724012061
735;JAI;3;9;30;26.98228062846888;75.86396862040769
736;JAI;3;9;30;26.99663630054704;75.86343618992662
737;JAI;3;9;30;27.01120176275565;75.86345
738;JAI;3;9;30;27.02649970101704;75.86344881849749
739;JAI;3;9;30;27.04194872583751;75.86341640847316
740;JAI;3;9;30;27.05744146004137;75.86333303978358
741;JAI;3;9;30;27.0728799090798;75.86328159640071
742;JAI;3;9;30;27.08816579914561;75.86381214211778
743;JAI;3;9;30;27.10334451222275;75.86381
744;JAI;3;9;31;26.82302222;75.79928333
745;JAI;3;9;31;26.82551327111111;75.82579691111111
746;JAI;3;9;31;26.82603179569526;75.83166282559276
747;JAI;3;9;31;26.82751320835203;75.84686857587297
748;JAI;3;9;31;26.83047672428798;75.86155164028251
749;JAI;3;9;31;26.83898686746186;75.87065301368654
750;JAI;3;9;31;26.85234032507024;75.87368080522148
751;JAI;3;9;31;26.86909360373134;75.87203899573356
752;JAI;3;9;31;26.88659805123991;75.86879814383391
753;JAI;3;9;31;26.90230459091686;75.86441777120501
754;JAI;3;9;31;26.91587735951098;75.86273975083752
755;JAI;3;9;31;26.92994743230309;75.85993588767406
756;JAI;3;9;31;26.94557050673323;75.85505113856111
757;JAI;3;9;31;26.9620822444037;75.85061729412645
758;JAI;3;9;31;26.97570248081123;75.84736371061798
759;JAI;3;9;31;26.98899078911892;75.8450074289793
760;JAI;3;9;31;27.00251696769444;75.84435015800159
761;JAI;3;9;31;27.01633625788454;75.8446443200786
762;JAI;3;9;31;27.03104394178542;75.84501499072398
763;JAI;3;9;31;27.04592171978135;75.84549963717951
764;JAI;3;9;31;27.06086975045748;75.84597230001407
765;JAI;3;9;31;27.07579379007798;75.84641106013525
766;JAI;3;9;31;27.09065197155535;75.84687509700655
767;JAI;3;9;31;27.10530366650346;75.84733420910575
768;JAI;3;9;32;26.82302222;75.79928333
769;JAI;3;9;32;26.82551327111111;75.82579691111111
770;JAI;3;9;32;26.8261161058755;75.8316274325221
771;JAI;3;9;32;26.82792334343278;75.84655916501693
772;JAI;3;9;32;26.8341233514487;75.85808145206192
773;JAI;3;9;32;26.8452573550735;75.8638837179545
774;JAI;3;9;32;26.86090692065255;75.86370417241875
775;JAI;3;9;32;26.87846555679162;75.86053842000753
776;JAI;3;9;32;26.89533239816328;75.85676269363212
777;JAI;3;9;32;26.90898934342561;75.85371237352197
778;JAI;3;9;32;26.92290510923992;75.85025935456972
779;JAI;3;9;32;26.93646617050184;75.84780813146632
780;JAI;3;9;32;26.95007110577433;75.84631697246905
781;JAI;3;9;32;26.96550086201111;75.84345001085701
782;JAI;3;9;32;26.97728691523691;75.84352607254196
783;JAI;3;9;32;26.98946989651732;75.84365359446329
784;JAI;3;9;32;27.00269553110424;75.84377062053508
785;JAI;3;9;32;27.01646198419191;75.84418383299376
786;JAI;3;9;32;27.03113378167817;75.8446505529236
787;JAI;3;9;32;27.04598938015717;75.84519451326129
788;JAI;3;9;32;27.06092279305463;75.84570369420356
789;JAI;3;9;32;27.07583743328437;75.84615837847237
790;JAI;3;9;32;27.09068987055333;75.84661691015037
791;JAI;3;9;32;27.10533443220882;75.84707548046283
792;JAI;3;9;33;26.82302222;75.79928333
793;JAI;3;9;33;26.82551327111111;75.82579691111111
794;JAI;3;9;33;26.82623184216617;75.83157884689813
795;JAI;3;9;33;26.82918810357153;75.84560501470018
796;JAI;3;9;33;26.83857377919377;75.85384635446162
797;JAI;3;9;33;26.85141336910731;75.85723800200601
798;JAI;3;9;33;26.87040453587003;75.85264327680203
799;JAI;3;9;33;26.88963408378676;75.84683322007429
800;JAI;3;9;33;26.90518380284554;75.8431879992089
801;JAI;3;9;33;26.91603598404718;75.8424274246649
802;JAI;3;9;33;26.92761176337723;75.84190093103518
803;JAI;3;9;33;26.93965219807908;75.8418807012567
804;JAI;3;9;33;26.95228539462375;75.84201977416058
805;JAI;3;9;33;26.96604488656292;75.84230943928213
806;JAI;3;9;33;26.97769192356152;75.84254510713093
807;JAI;3;9;33;26.98972368776303;75.84293644555379
808;JAI;3;9;33;27.00308170669688;75.8425172661953
809;JAI;3;9;33;27.01691391024317;75.84252860176755
810;JAI;3;9;33;27.03158650483959;75.84281406995271
811;JAI;3;9;33;27.04645551957263;75.84309239243859
812;JAI;3;9;33;27.06133323163398;75.84362524795118
813;JAI;3;9;33;27.07624983211309;75.84377070739036
814;JAI;3;9;33;27.09101722591804;75.84438680231155
815;JAI;3;9;33;27.10557603898447;75.84504365338651
816;JAI;3;9;34;26.82302222;75.79928333
817;JAI;3;9;34;26.82551327111111;75.82579691111111
818;JAI;3;9;34;26.82659903263893;75.83142470183151
819;JAI;3;9;34;26.83193996084497;75.84352898035289
820;JAI;3;9;34;26.84417896873565;75.84851236722761
821;JAI;3;9;34;26.85918095106483;75.84885252026204
822;JAI;3;9;34;26.87769407968416;75.84415389484928
823;JAI;3;9;34;26.89395377669127;75.84153240870211
824;JAI;3;9;34;26.90857870922827;75.83851000472715
825;JAI;3;9;34;26.91846627912401;75.83853539197551
826;JAI;3;9;34;26.93038701401731;75.83697243627275
827;JAI;3;9;34;26.94204354847645;75.83743172451575
828;JAI;3;9;34;26.95451653071837;75.83768988095161
829;JAI;3;9;34;26.96850223014909;75.83715750958567
830;JAI;3;9;34;26.98147212559964;75.83338912879479
831;JAI;3;9;34;26.99368639007595;75.8317388660847
832;JAI;3;9;34;27.00777264079019;75.82729257899247
833;JAI;3;9;34;27.02266505498776;75.82146437158843
834;JAI;3;9;34;27.03669433981999;75.82209400798341
835;JAI;3;9;34;27.05090722123697;75.82301682179465
836;JAI;3;9;34;27.06522988142851;75.8238927530791
837;JAI;3;9;34;27.07954792754805;75.82467567959854
838;JAI;3;9;34;27.09458674207795;75.82006947983271
839;JAI;3;9;34;27.10924756501485;75.81416742493691
840;JAI;1;9;35;26.82302222;75.79928333
841;JAI;1;9;35;26.82551327111111;75.82579691111111
842;JAI;1;9;35;26.8257579534487;75.83305281294173
843;JAI;1;9;35;26.82707284159218;75.8507621376713
844;JAI;1;9;35;26.82845755977525;75.86732076980691
845;JAI;1;9;35;26.82975025662644;75.88194001246438
846;JAI;1;9;35;26.83079375891307;75.89462232466589
847;JAI;1;9;35;26.83170053637133;75.90673610743629
848;JAI;1;9;35;26.83289011842643;75.9201805981546
849;JAI;1;9;35;26.83395194733552;75.93463469049702
850;JAI;1;9;35;26.83095759075325;75.95181495803925
851;JAI;1;9;35;26.83089399849282;75.9686879196113
852;JAI;1;9;35;26.83567505089157;75.98524932869942
853;JAI;1;9;35;26.83623794558985;76.00408036361823
854;JAI;1;9;35;26.83456598307407;76.02398706906804
855;JAI;1;9;35;26.83305468066491;76.04391265689216
856;JAI;1;9;35;26.83155579336958;76.06369723515448
857;JAI;1;9;35;26.83020947889445;76.08194578932003
858;JAI;1;9;35;26.83009500291713;76.09950330575478
859;JAI;1;9;35;26.82838232489571;76.1175456009668
860;JAI;1;9;35;26.82577882310375;76.13555090059599
861;JAI;1;9;35;26.81944484625122;76.15431879783506
862;JAI;1;9;35;26.81544333898085;76.1707143397398
863;JAI;1;9;35;26.80898126531338;76.1849685778783
864;JAI;1;9;36;26.82302222;75.79928333
865;JAI;1;9;36;26.82551327111111;75.82579691111111
866;JAI;1;9;36;26.82592904807946;75.83302819313822
867;JAI;1;9;36;26.82740293248735;75.85069436654747
868;JAI;1;9;36;26.82892708482948;75.86715560500014
869;JAI;1;9;36;26.83028919141008;75.881685561986
870;JAI;1;9;36;26.83212592390646;75.89390495586512
871;JAI;1;9;36;26.83495630235698;75.90495369937969
872;JAI;1;9;36;26.838585102953;75.91726893028817
873;JAI;1;9;36;26.84211309082433;75.93080741165004
874;JAI;1;9;36;26.84619374340641;75.94518314943059
875;JAI;1;9;36;26.85022755026943;75.96064726706625
876;JAI;1;9;36;26.85467815054536;75.97736812987196
877;JAI;1;9;36;26.85970518668414;75.99424226105181
878;JAI;1;9;36;26.86438364252795;76.01131771955829
879;JAI;1;9;36;26.86844979259678;76.02871061400187
880;JAI;1;9;36;26.87240779186293;76.04611629083176
881;JAI;1;9;36;26.87604216426948;76.06271396130118
882;JAI;1;9;36;26.87950795547269;76.07902563143634
883;JAI;1;9;36;26.88247620481812;76.09527422978807
884;JAI;1;9;36;26.88563124994521;76.11110631462098
885;JAI;1;9;36;26.8891475257467;76.12630915377053
886;JAI;1;9;36;26.89245508563023;76.14071944994336
887;JAI;1;9;36;26.89545368466183;76.15370095542193
888;JAI;1;9;37;26.82302222;75.79928333
889;JAI;1;9;37;26.82551327111111;75.82579691111111
890;JAI;1;9;37;26.82605484139588;75.83301009200483
891;JAI;1;9;37;26.82758639126341;75.85065670053604
892;JAI;1;9;37;26.82933983253182;75.86701041275984
893;JAI;1;9;37;26.83178813518889;75.88097785676237
894;JAI;1;9;37;26.83482870500349;75.89244951239984
895;JAI;1;9;37;26.83789041287329;75.90334738545964
896;JAI;1;9;37;26.84131575804663;75.9158728315537
897;JAI;1;9;37;26.84483367493593;75.92953155685885
898;JAI;1;9;37;26.84865664452635;75.9441111275612
899;JAI;1;9;37;26.85261446655305;75.95965456977439
900;JAI;1;9;37;26.85681681194582;75.97648115795533
901;JAI;1;9;37;26.86102246803012;75.99369002106167
902;JAI;1;9;37;26.86542831962706;76.01087384235478
903;JAI;1;9;37;26.86962006668057;76.02820798649643
904;JAI;1;9;37;26.87361356308197;76.04559737872343
905;JAI;1;9;37;26.87738585934687;76.06215013414538
906;JAI;1;9;37;26.88108118342204;76.0783736556302
907;JAI;1;9;37;26.88474470377768;76.09434025015084
908;JAI;1;9;37;26.88832398934436;76.11000656139083
909;JAI;1;9;37;26.89180934185562;76.12523951739047
910;JAI;1;9;37;26.89511233360806;76.13968449276183
911;JAI;1;9;37;26.89810474820959;76.15274235550366
912;JAI;1;9;38;26.82302222;75.79928333
913;JAI;1;9;38;26.82551327111111;75.82579691111111
914;JAI;1;9;38;26.82615571216655;75.83299557712178
915;JAI;1;9;38;26.82784174929033;75.8506042728541
916;JAI;1;9;38;26.83028061524143;75.86667947366927
917;JAI;1;9;38;26.83366523387523;75.88009161101762
918;JAI;1;9;38;26.83656905576153;75.89151233619239
919;JAI;1;9;38;26.83950761386898;75.90246202941853
920;JAI;1;9;38;26.84267375169404;75.91517853178036
921;JAI;1;9;38;26.84604578888333;75.92896311959545
922;JAI;1;9;38;26.84967015104583;75.94366998067761
923;JAI;1;9;38;26.85343233868151;75.95931442401704
924;JAI;1;9;38;26.85751950497511;75.97618972847387
925;JAI;1;9;38;26.86161253033018;75.99344265097648
926;JAI;1;9;38;26.86567750235081;76.0107679660695
927;JAI;1;9;38;26.86980181551203;76.028129926183
928;JAI;1;9;38;26.87382585401207;76.04550601783143
929;JAI;1;9;38;26.87759508394956;76.06206234152438
930;JAI;1;9;38;26.88127919184279;76.0782915971467
931;JAI;1;9;38;26.88491996937804;76.0942680903197
932;JAI;1;9;38;26.88849013150759;76.10993870655842
933;JAI;1;9;38;26.89196815203756;76.12517570037939
934;JAI;1;9;38;26.89527510361114;76.13962109635132
935;JAI;1;9;38;26.8982618636785;76.15268554401162
936;JAI;1;9;39;26.82302222;75.79928333
937;JAI;1;9;39;26.82551327111111;75.82579691111111
938;JAI;1;9;39;26.82625105860467;75.83298185716714
939;JAI;1;9;39;26.82813577360315;75.850543906578
940;JAI;1;9;39;26.83138119429181;75.86629232302724
941;JAI;1;9;39;26.83496997768843;75.87947559457646
942;JAI;1;9;39;26.83789765104816;75.89079688967323
943;JAI;1;9;39;26.84065237058657;75.90183531865208
944;JAI;1;9;39;26.84366966155232;75.91466935414894
945;JAI;1;9;39;26.84685163282034;75.9285852081596
946;JAI;1;9;39;26.85030166130629;75.94339510451451
947;JAI;1;9;39;26.85400065058965;75.95907806813979
948;JAI;1;9;39;26.85795533749193;75.9760089746609
949;JAI;1;9;39;26.86197456085887;75.99329087798112
950;JAI;1;9;39;26.86599068713249;76.01063489568325
951;JAI;1;9;39;26.87005198366048;76.02802248007774
952;JAI;1;9;39;26.8741397798053;76.04537091766262
953;JAI;1;9;39;26.87790359974857;76.06193288537885
954;JAI;1;9;39;26.88160884238024;76.07815498364769
955;JAI;1;9;39;26.88524908203896;76.09413258903487
956;JAI;1;9;39;26.88880992584413;76.10980809798386
957;JAI;1;9;39;26.89226189079455;76.12505766305155
958;JAI;1;9;39;26.89556429120706;76.13950846223449
959;JAI;1;9;39;26.89853202503701;76.15258785617746
960;JAI;1;9;40;26.82302222;75.79928333
961;JAI;1;9;40;26.82551327111111;75.82579691111111
962;JAI;1;9;40;26.82632595549438;75.8329710798172
963;JAI;1;9;40;26.82880119791151;75.8504072879864
964;JAI;1;9;40;26.83277695091153;75.8658013377852
965;JAI;1;9;40;26.83653727949648;75.87873561507074
966;JAI;1;9;40;26.83949656666718;75.88993587607068
967;JAI;1;9;40;26.84223470637694;75.90096904998491
968;JAI;1;9;40;26.84523204908381;75.91387055416114
969;JAI;1;9;40;26.84820061037803;75.92795258685123
970;JAI;1;9;40;26.85148855111136;75.94287848944731
971;JAI;1;9;40;26.85499177207319;75.95866586951374
972;JAI;1;9;40;26.85888705848625;75.97562255988953
973;JAI;1;9;40;26.86287686104158;75.99291260932536
974;JAI;1;9;40;26.86697808146695;76.0102153575922
975;JAI;1;9;40;26.87114716524597;76.02755210446577
976;JAI;1;9;40;26.87520560933596;76.04491223044225
977;JAI;1;9;40;26.87907074882691;76.06144313859306
978;JAI;1;9;40;26.88290460715336;76.07761799389814
979;JAI;1;9;40;26.88674822841077;76.09351536495434
980;JAI;1;9;40;26.89048084180212;76.10912567204146
981;JAI;1;9;40;26.89408149624885;76.12432646445944
982;JAI;1;9;40;26.89749950790916;76.13875472511985
983;JAI;1;9;40;26.90062282788271;76.15183184131743
984;JAI;1;9;41;26.82302222;75.79928333
985;JAI;1;9;41;26.82551327111111;75.82579691111111
986;JAI;1;9;41;26.82645894716101;75.83295194287125
987;JAI;1;9;41;26.8300492316799;75.85015105356037
988;JAI;1;9;41;26.83647349295692;75.86450100535959
989;JAI;1;9;41;26.84345172492348;75.87547105690892
990;JAI;1;9;41;26.8491219414499;75.884752626549
991;JAI;1;9;41;26.85625418340334;75.89329391948993
992;JAI;1;9;41;26.86256091697787;75.90501084478471
993;JAI;1;9;41;26.86953643275809;75.9179468637819
994;JAI;1;9;41;26.88198915078518;75.92960255659925
995;JAI;1;9;41;26.89107876607802;75.9436576090792
996;JAI;1;9;41;26.90027759026693;75.95845657031515
997;JAI;1;9;41;26.90856205587352;75.97376013926218
998;JAI;1;9;41;26.91682808416462;75.98903438233101
999;JAI;1;9;41;26.92472040641404;76.00454263605171
1000;JAI;1;9;41;26.92798178234914;76.0221996339101
1001;JAI;1;9;41;26.93124531902365;76.03955019575608
1002;JAI;1;9;41;26.93449534040333;76.05623780553246
1003;JAI;1;9;41;26.93786634572698;76.0724691658956
1004;JAI;1;9;41;26.9463360590624;76.08631360355027
1005;JAI;1;9;41;26.95464687293646;76.0999885960169
1006;JAI;1;9;41;26.96274958841655;76.11334082322593
1007;JAI;1;9;41;26.96602275314775;76.12818383670198
1008;JAI;0;9;42;26.82302222;75.79928333
1009;JAI;0;9;42;26.82551327111111;75.82579691111111
1010;JAI;0;9;42;26.82469777666601;75.83204457609176
1011;JAI;0;9;42;26.82096342488131;75.84361268248486
1012;JAI;0;9;42;26.81571358963311;75.8493892354999
1013;JAI;0;9;42;26.80658571460043;75.8496591559729
1014;JAI;0;9;42;26.79055905510061;75.83824754100993
1015;JAI;0;9;42;26.76696624254232;75.81283673672657
1016;JAI;0;9;42;26.75320549092128;75.80399044124823
1017;JAI;0;9;42;26.7405371832804;75.79811646857692
1018;JAI;0;9;42;26.73489642651488;75.79113035618595
1019;JAI;0;9;42;26.73158044834896;75.7895874325914
1020;JAI;0;9;42;26.72431076813334;75.78594737077724
1021;JAI;0;9;42;26.7141156419615;75.7791835906418
1022;JAI;0;9;42;26.70262395034036;75.77025299304469
1023;JAI;0;9;42;26.69037748857996;75.75596761510474
1024;JAI;0;9;42;26.67903737034291;75.7447759955248
1025;JAI;0;9;42;26.66787942160978;75.7348134804458
1026;JAI;0;9;42;26.65774089112247;75.72582907339398
1027;JAI;0;9;42;26.64823898506134;75.71753577416104
1028;JAI;0;9;42;26.63835032359332;75.70902557475644
1029;JAI;0;9;42;26.62772098382107;75.69997802222366
1030;JAI;0;9;42;26.6164774210086;75.69043213610249
1031;JAI;0;9;42;26.60470979418138;75.68095028312959
1032;JAI;0;9;43;26.82302222;75.79928333
1033;JAI;0;9;43;26.82551327111111;75.82579691111111
1034;JAI;0;9;43;26.82584179576912;75.83218854628694
1035;JAI;0;9;43;26.8228694665313;75.84506756890613
1036;JAI;0;9;43;26.81864616658621;75.85314889811428
1037;JAI;0;9;43;26.81140964047959;75.85702758022329
1038;JAI;0;9;43;26.80041805287374;75.85465953554731
1039;JAI;0;9;43;26.78597311288607;75.8473273207956
1040;JAI;0;9;43;26.76063629941592;75.81961683885277
1041;JAI;0;9;43;26.74314491633208;75.80431313205747
1042;JAI;0;9;43;26.73826981806555;75.8009750773204
1043;JAI;0;9;43;26.73433128980644;75.79897581231494
1044;JAI;0;9;43;26.72730035267136;75.79567385448135
1045;JAI;0;9;43;26.71747772547389;75.79171207849514
1046;JAI;0;9;43;26.70593235257671;75.78692202505633
1047;JAI;0;9;43;26.69366945527865;75.78172277252008
1048;JAI;0;9;43;26.6810611399692;75.77645238105815
1049;JAI;0;9;43;26.66811645306659;75.77086334481783
1050;JAI;0;9;43;26.65574713288986;75.76532789964753
1051;JAI;0;9;43;26.64369433804056;75.76026230367958
1052;JAI;0;9;43;26.63114512518383;75.75514089808301
1053;JAI;0;9;43;26.61785514457991;75.74967005923813
1054;JAI;0;9;43;26.60394607285686;75.74387348026967
1055;JAI;0;9;43;26.58962084521184;75.7377520529523
1056;JAI;0;9;44;26.82302222;75.79928333
1057;JAI;0;9;44;26.82551327111111;75.82579691111111
1058;JAI;0;9;44;26.82596207381047;75.83220368279387
1059;JAI;0;9;44;26.82459367159985;75.84638365900403
1060;JAI;0;9;44;26.8204444070809;75.85545430311052
1061;JAI;0;9;44;26.81424151818313;75.8613532014844
1062;JAI;0;9;44;26.80528217876836;75.86275670824668
1063;JAI;0;9;44;26.79237932482476;75.85895227469065
1064;JAI;0;9;44;26.77342702376682;75.8465147120117
1065;JAI;0;9;44;26.75319119605313;75.82818574993252
1066;JAI;0;9;44;26.7452361741993;75.82130530950062
1067;JAI;0;9;44;26.73954424156056;75.81676715772856
1068;JAI;0;9;44;26.73192891910641;75.81073269474209
1069;JAI;0;9;44;26.71970745716256;75.80002096382617
1070;JAI;0;9;44;26.70680675516306;75.79132760928147
1071;JAI;0;9;44;26.69394223157067;75.78385687562111
1072;JAI;0;9;44;26.68115600962165;75.77793729695345
1073;JAI;0;9;44;26.66812189693363;75.77169129681772
1074;JAI;0;9;44;26.65570850157977;75.76609323386928
1075;JAI;0;9;44;26.64361745901482;75.76098508235695
1076;JAI;0;9;44;26.63106184069199;75.75567394256716
1077;JAI;0;9;44;26.6177698147552;75.75009984657852
1078;JAI;0;9;44;26.60387262226756;75.74418671857211
1079;JAI;0;9;44;26.58952892166751;75.7380980956102
1080;JAI;0;9;45;26.82302222;75.79928333
1081;JAI;0;9;45;26.82551327111111;75.82579691111111
1082;JAI;0;9;45;26.82606407184472;75.83221651883557
1083;JAI;0;9;45;26.82673736313124;75.84801994418197
1084;JAI;0;9;45;26.82267613422115;75.85831545261448
1085;JAI;0;9;45;26.81803792088729;75.86715211018458
1086;JAI;0;9;45;26.81053191069762;75.87149578839747
1087;JAI;0;9;45;26.79859918663023;75.87023907060285
1088;JAI;0;9;45;26.78136977938133;75.86321769357788
1089;JAI;0;9;45;26.76234628066926;75.84994065251563
1090;JAI;0;9;45;26.75225537330373;75.84178975571214
1091;JAI;0;9;45;26.74524366423121;75.83621878555378
1092;JAI;0;9;45;26.73783239501234;75.82993939770247
1093;JAI;0;9;45;26.72431440965695;75.81718833880487
1094;JAI;0;9;45;26.70971223823189;75.8059665760164
1095;JAI;0;9;45;26.69527005875601;75.794245315514
1096;JAI;0;9;45;26.6814439777329;75.78244462268584
1097;JAI;0;9;45;26.66813007424043;75.77293497478732
1098;JAI;0;9;45;26.65565476625878;75.76715779730169
1099;JAI;0;9;45;26.64351900713791;75.76191067833963
1100;JAI;0;9;45;26.63092951691542;75.75652085244991
1101;JAI;0;9;45;26.61764030074324;75.75075217983866
1102;JAI;0;9;45;26.60373355200737;75.74477979934427
1103;JAI;0;9;45;26.58941513316072;75.73852644808089
1104;JAI;0;9;46;26.82302222;75.79928333
1105;JAI;0;9;46;26.82551327111111;75.82579691111111
1106;JAI;0;9;46;26.82615200627699;75.8322275850296
1107;JAI;0;9;46;26.82746147349944;75.8485726594609
1108;JAI;0;9;46;26.8252898361524;75.86166630669032
1109;JAI;0;9;46;26.82118591649656;75.87196059351713
1110;JAI;0;9;46;26.8146764911302;75.87839515413265
1111;JAI;0;9;46;26.80462400821749;75.88117193917606
1112;JAI;0;9;46;26.78790995302949;75.8769711571347
1113;JAI;0;9;46;26.77035616807223;75.86897426361372
1114;JAI;0;9;46;26.75908083868037;75.86170882002368
1115;JAI;0;9;46;26.75074074590899;75.85497984138345
1116;JAI;0;9;46;26.74454210781615;75.85176915746193
1117;JAI;0;9;46;26.73139167377882;75.84356109761917
1118;JAI;0;9;46;26.71522789270267;75.83375661313109
1119;JAI;0;9;46;26.6993306354566;75.82601379973427
1120;JAI;0;9;46;26.68375258482817;75.81857933260785
1121;JAI;0;9;46;26.66837383369743;75.81000809361544
1122;JAI;0;9;46;26.65384138754056;75.80308308139648
1123;JAI;0;9;46;26.63986929518873;75.79622346976602
1124;JAI;0;9;46;26.62577457147756;75.78951397242902
1125;JAI;0;9;46;26.6113033602883;75.78266993888053
1126;JAI;0;9;46;26.59649268486353;75.77565929199082
1127;JAI;0;9;46;26.58149231363218;75.7683515984022
1128;JAI;0;9;47;26.82302222;75.79928333
1129;JAI;0;9;47;26.82551327111111;75.82579691111111
1130;JAI;0;9;47;26.82627257046157;75.83224275754651
1131;JAI;0;9;47;26.82770788255233;75.84876074411535
1132;JAI;0;9;47;26.82782759558931;75.86491979992574
1133;JAI;0;9;47;26.82430028041859;75.8767177053017
1134;JAI;0;9;47;26.81976865754314;75.88687193942826
1135;JAI;0;9;47;26.8110987188728;75.89292119342677
1136;JAI;0;9;47;26.79622147737995;75.89444962994068
1137;JAI;0;9;47;26.7781606831184;75.88751985567073
1138;JAI;0;9;47;26.76577689038103;75.88125021055144
1139;JAI;0;9;47;26.75666370471401;75.87519437835624
1140;JAI;0;9;47;26.75090027723042;75.87245518604196
1141;JAI;0;9;47;26.73769019839925;75.86703195695695
1142;JAI;0;9;47;26.72010496201155;75.85832920697702
1143;JAI;0;9;47;26.70244411030377;75.8503725014275
1144;JAI;0;9;47;26.68529229327625;75.84267911045643
1145;JAI;0;9;47;26.66853891562723;75.83511523027938
1146;JAI;0;9;47;26.65259015900497;75.82787147234727
1147;JAI;0;9;47;26.63714179816277;75.82186605139204
1148;JAI;0;9;47;26.62193025417198;75.8141186988281
1149;JAI;0;9;47;26.60646999210681;75.80701453894028
1150;JAI;0;9;47;26.59085168343828;75.79971597727031
1151;JAI;0;9;47;26.57605613570877;75.78881588174919
1152;JAI;0;9;48;26.82302222;75.79928333
1153;JAI;0;9;48;26.82551327111111;75.82579691111111
1154;JAI;0;9;48;26.82639961304722;75.83225874534409
1155;JAI;0;9;48;26.82811208598843;75.84906927362236
1156;JAI;0;9;48;26.8294363089534;75.86698222474492
1157;JAI;0;9;48;26.82998676592063;75.88540366746662
1158;JAI;0;9;48;26.82700122443201;75.89891178881285
1159;JAI;0;9;48;26.82085813318574;75.91063099486897
1160;JAI;0;9;48;26.80720459324699;75.91754624662765
1161;JAI;0;9;48;26.79026487016257;75.91628260566542
1162;JAI;0;9;48;26.77398793622334;75.90521287700311
1163;JAI;0;9;48;26.76281001358623;75.89617118944567
1164;JAI;0;9;48;26.75675025079749;75.89148782146204
1165;JAI;0;9;48;26.74225009318067;75.88402397579617
1166;JAI;0;9;48;26.72329224626736;75.87438799895416
1167;JAI;0;9;48;26.70535649675782;75.87315796022588
1168;JAI;0;9;48;26.68704320474256;75.87008467377791
1169;JAI;0;9;48;26.66876118796823;75.86892039628876
1170;JAI;0;9;48;26.65057660710351;75.8677624357586
1171;JAI;0;9;48;26.63241524285375;75.86630279290533
1172;JAI;0;9;48;26.6150463525888;75.85817763089563
1173;JAI;0;9;48;26.59799634055266;75.84969443635029
1174;JAI;0;9;48;26.58114048611012;75.84113047093896
1175;JAI;0;9;48;26.5625664724719;75.83959720175456
1176;JAI;2;9;49;26.82302222;75.79928333
1177;JAI;2;9;49;26.82551327111111;75.82579691111111
1178;JAI;2;9;49;26.82495716523523;75.83170447819822
1179;JAI;2;9;49;26.82043070274408;75.84475973557696
1180;JAI;2;9;49;26.80868805116937;75.85325599171644
1181;JAI;2;9;49;26.79325614538962;75.85927896851345
1182;JAI;2;9;49;26.77785656317716;75.86464747371889
1183;JAI;2;9;49;26.76627889636438;75.87060056504949
1184;JAI;2;9;49;26.7560101112501;75.87678105385989
1185;JAI;2;9;49;26.74703717555354;75.88138008781675
1186;JAI;2;9;49;26.73563499099501;75.88642081237973
1187;JAI;2;9;49;26.72413429496909;75.8937155630042
1188;JAI;2;9;49;26.71246410201892;75.90233149732566
1189;JAI;2;9;49;26.70175174257711;75.90967042011361
1190;JAI;2;9;49;26.68986217086495;75.91618600770285
1191;JAI;2;9;49;26.67736716831216;75.92286279972552
1192;JAI;2;9;49;26.66415055188668;75.92924557605984
1193;JAI;2;9;49;26.65180802867282;75.93681501310034
1194;JAI;2;9;49;26.63951765888814;75.94430848243408
1195;JAI;2;9;49;26.62697831923662;75.95196861523071
1196;JAI;2;9;49;26.61278407261177;75.95691485678938
1197;JAI;2;9;49;26.59879133541319;75.96148796142144
1198;JAI;2;9;49;26.58464727081502;75.96628623324023
1199;JAI;2;9;49;26.5705168913387;75.97166864294097
1200;JAI;2;9;50;26.82302222;75.79928333
1201;JAI;2;9;50;26.82551327111111;75.82579691111111
1202;JAI;2;9;50;26.82581664110531;75.83182147364927
1203;JAI;2;9;50;26.82284640023895;75.84560456536256
1204;JAI;2;9;50;26.81611869237718;75.8562466227077
1205;JAI;2;9;50;26.8010096567103;75.86270804778704
1206;JAI;2;9;50;26.78445848961069;75.86789767059466
1207;JAI;2;9;50;26.77025361720732;75.87285689106594
1208;JAI;2;9;50;26.75917281584726;75.87888955917386
1209;JAI;2;9;50;26.74997713899943;75.88371032490356
1210;JAI;2;9;50;26.73984993917989;75.89018156886695
1211;JAI;2;9;50;26.72814733311142;75.89758822699739
1212;JAI;2;9;50;26.71537778177287;75.90531124671365
1213;JAI;2;9;50;26.70418450092353;75.912350807901
1214;JAI;2;9;50;26.69265554481367;75.91949265549178
1215;JAI;2;9;50;26.68059130410206;75.92693606486583
1216;JAI;2;9;50;26.66795689735671;75.93435703780176
1217;JAI;2;9;50;26.65542997306124;75.94199934975315
1218;JAI;2;9;50;26.64301687652621;75.94968822877128
1219;JAI;2;9;50;26.63033888066533;75.95751112068845
1220;JAI;2;9;50;26.61758585776563;75.9653432881981
1221;JAI;2;9;50;26.60501802791164;75.97293074157456
1222;JAI;2;9;50;26.59219101767934;75.98074883638941
1223;JAI;2;9;50;26.5791230956027;75.98875461983857
1224;JAI;2;9;51;26.82302222;75.79928333
1225;JAI;2;9;51;26.82551327111111;75.82579691111111
1226;JAI;2;9;51;26.8259421194851;75.83183855429127
1227;JAI;2;9;51;26.82521763885928;75.84643384676865
1228;JAI;2;9;51;26.8205041884708;75.85801166561085
1229;JAI;2;9;51;26.80952626994429;75.86647461763056
1230;JAI;2;9;51;26.79388256943802;75.87253724286498
1231;JAI;2;9;51;26.77971149706823;75.87822583676903
1232;JAI;2;9;51;26.76633492682525;75.88366438040433
1233;JAI;2;9;51;26.75557839799164;75.88814992480906
1234;JAI;2;9;51;26.74327721843682;75.89323953355209
1235;JAI;2;9;51;26.72977212597618;75.89915618538716
1236;JAI;2;9;51;26.71629526015473;75.90624952953048
1237;JAI;2;9;51;26.70480827443241;75.91303807505096
1238;JAI;2;9;51;26.693143337637;75.92007007874064
1239;JAI;2;9;51;26.6808971298688;75.9273224348936
1240;JAI;2;9;51;26.66819547342654;75.93467741661736
1241;JAI;2;9;51;26.65566744397674;75.94233925811153
1242;JAI;2;9;51;26.64322339188914;75.9500057283904
1243;JAI;2;9;51;26.63051739919512;75.95780554766046
1244;JAI;2;9;51;26.6177476164135;75.9656272183667
1245;JAI;2;9;51;26.60521901559976;75.97330009624065
1246;JAI;2;9;51;26.59239468459926;75.98113929936363
1247;JAI;2;9;51;26.57930142133964;75.98910865157292
1248;JAI;2;9;52;26.82302222;75.79928333
1249;JAI;2;9;52;26.82551327111111;75.82579691111111
1250;JAI;2;9;52;26.82603717772449;75.83185149401649
1251;JAI;2;9;52;26.82699061545745;75.84705390099418
1252;JAI;2;9;52;26.82340267611303;75.85917822805521
1253;JAI;2;9;52;26.81703565732114;75.86979573029117
1254;JAI;2;9;52;26.80264524964663;75.87685120124124
1255;JAI;2;9;52;26.78789759901325;75.88287283350711
1256;JAI;2;9;52;26.77332744964228;75.88832614095287
1257;JAI;2;9;52;26.76161779582224;75.89293679684539
1258;JAI;2;9;52;26.74890052664503;75.8982568889017
1259;JAI;2;9;52;26.73506371573442;75.90426267787406
1260;JAI;2;9;52;26.72055243944206;75.91060324320091
1261;JAI;2;9;52;26.70763916440361;75.91615712011249
1262;JAI;2;9;52;26.69453568314834;75.92171826344166
1263;JAI;2;9;52;26.68120919725071;75.92771669036884
1264;JAI;2;9;52;26.66838140846756;75.93492710489609
1265;JAI;2;9;52;26.65585053635519;75.94260133075171
1266;JAI;2;9;52;26.64337583485372;75.95024009634494
1267;JAI;2;9;52;26.63065191296056;75.95802739847167
1268;JAI;2;9;52;26.61787328775698;75.96584780555764
1269;JAI;2;9;52;26.60533487675567;75.97351301405146
1270;JAI;2;9;52;26.59250277922605;75.98134653453705
1271;JAI;2;9;52;26.5794175369859;75.98933917703903
1272;JAI;2;9;53;26.82302222;75.79928333
1273;JAI;2;9;53;26.82551327111111;75.82579691111111
1274;JAI;2;9;53;26.82612859428726;75.83186393802146
1275;JAI;2;9;53;26.8273528215801;75.84718057352731
1276;JAI;2;9;53;26.82680515356021;75.86054763268882
1277;JAI;2;9;53;26.82284647876275;75.8723656326933
1278;JAI;2;9;53;26.81433939712429;75.88260835136693
1279;JAI;2;9;53;26.79892752217518;75.88913417954201
1280;JAI;2;9;53;26.7831496905206;75.89487441204511
1281;JAI;2;9;53;26.77026338751498;75.89978935769206
1282;JAI;2;9;53;26.75635485027128;75.90490795427797
1283;JAI;2;9;53;26.74147380954128;75.9104485496745
1284;JAI;2;9;53;26.72607056675055;75.91624649773088
1285;JAI;2;9;53;26.7123676670305;75.92136693501762
1286;JAI;2;9;53;26.69953828782705;75.92764008128754
1287;JAI;2;9;53;26.68675160608539;75.93471878400595
1288;JAI;2;9;53;26.67396863519553;75.9424300748415
1289;JAI;2;9;53;26.66107035332312;75.95007281168176
1290;JAI;2;9;53;26.64770456051509;75.95689513996615
1291;JAI;2;9;53;26.63436579933989;75.96415263556779
1292;JAI;2;9;53;26.6213526230086;75.9719549797807
1293;JAI;2;9;53;26.608295785578;75.97895427017832
1294;JAI;2;9;53;26.59565612918641;75.98739202491305
1295;JAI;2;9;53;26.58231591819288;75.99509336004746
1296;JAI;2;9;54;26.82302222;75.79928333
1297;JAI;2;9;54;26.82551327111111;75.82579691111111
1298;JAI;2;9;54;26.82623516726155;75.83187844518056
1299;JAI;2;9;54;26.82763687039342;75.8472799124961
1300;JAI;2;9;54;26.82844805971678;75.8612088577339
1301;JAI;2;9;54;26.82729178395126;75.87433161987721
1302;JAI;2;9;54;26.82311015465536;75.88692628629283
1303;JAI;2;9;54;26.81361662608459;75.89747272924623
1304;JAI;2;9;54;26.79797253268535;75.9047564735884
1305;JAI;2;9;54;26.78222501768297;75.90927023551563
1306;JAI;2;9;54;26.76775605889738;75.91508059873814
1307;JAI;2;9;54;26.7534929845893;75.922047299745
1308;JAI;2;9;54;26.73909221455828;75.92956342009795
1309;JAI;2;9;54;26.72634416369833;75.93676609335743
1310;JAI;2;9;54;26.7133843413822;75.94403030444208
1311;JAI;2;9;54;26.70006699756767;75.95154100350557
1312;JAI;2;9;54;26.68650830550093;75.95926933589305
1313;JAI;2;9;54;26.67312974336112;75.96733424120134
1314;JAI;2;9;54;26.65949842249089;75.975027188992
1315;JAI;2;9;54;26.646150858645;75.98358949363575
1316;JAI;2;9;54;26.63246891652943;75.99146708089674
1317;JAI;2;9;54;26.61916550195674;75.99892952588259
1318;JAI;2;9;54;26.60571854428485;76.00668332920898
1319;JAI;2;9;54;26.59206982504382;76.01445788150248
1320;JAI;2;9;55;26.82302222;75.79928333
1321;JAI;2;9;55;26.82551327111111;75.82579691111111
1322;JAI;2;9;55;26.82638024811877;75.8318981941938
1323;JAI;2;9;55;26.82782716119825;75.84734646194619
1324;JAI;2;9;55;26.82887026944955;75.86137878566828
1325;JAI;2;9;55;26.82973934917911;75.87541408365993
1326;JAI;2;9;55;26.83027208975831;75.89045218124643
1327;JAI;2;9;55;26.82671292010191;75.90490709006757
1328;JAI;2;9;55;26.81980180142261;75.91930956500696
1329;JAI;2;9;55;26.80341790290872;75.92606787536344
1330;JAI;2;9;55;26.78353697301823;75.92916100318232
1331;JAI;2;9;55;26.76887032348336;75.93688674670113
1332;JAI;2;9;55;26.75857497837686;75.94948796859588
1333;JAI;2;9;55;26.74532485259697;75.95767881853425
1334;JAI;2;9;55;26.73187044349664;75.96591317075533
1335;JAI;2;9;55;26.71795518845161;75.97414034456897
1336;JAI;2;9;55;26.70364740164446;75.98228506972971
1337;JAI;2;9;55;26.6891538768366;75.99027067909148
1338;JAI;2;9;55;26.67451349906616;75.99811157857945
1339;JAI;2;9;55;26.65971865198869;76.00596657861168
1340;JAI;2;9;55;26.64511990644133;76.0136729891805
1341;JAI;2;9;55;26.63116981382667;76.02098982541577
1342;JAI;2;9;55;26.62159721004601;76.03712534238527
1343;JAI;2;9;55;26.61083411482453;76.05171079949729
